<?xml version = '1.0' encoding = 'UTF-8'?>
<relationalModel class="oracle.dbtools.crest.model.design.relational.RelationalDesign" name="BUPESA" id="4AE27E99-9C09-ACD4-3413-570D48EA2FF7" mainViewID="BF8977A8-1EE7-102E-D846-0775759097B9">
<createdBy>gusta</createdBy>
<createdTime>2024-11-25 19:44:49 UTC</createdTime>
<ownerDesignName>BupesaBBDD</ownerDesignName>
<shouldBeOpen>false</shouldBeOpen>
<selectedRDBMSSite>01F6E6D1-21D0-CFBD-ABDD-3988D1813575</selectedRDBMSSite>
<importConnectionStamps>
<importConnectionStamp class="oracle.dbtools.crest.imports.DBConnectionStamp">
<connName>BUPESA</connName>
<connType>1</connType>
</importConnectionStamp>
</importConnectionStamps>
</relationalModel>