<?xml version = '1.0' encoding = 'UTF-8'?>
<Table class="oracle.dbtools.crest.model.design.relational.Table" directorySegmentName="seg_0" id="BACBD9AC-2F9C-47CF-5BBC-7AF6F3BFCBA2" name="USUARIO">
<createdBy>gusta</createdBy>
<createdTime>2024-11-25 19:47:23 UTC</createdTime>
<ownerDesignName>BupesaBBDD</ownerDesignName>
<ordsAlias>table_2</ordsAlias>
<allowColumnReorder>false</allowColumnReorder>
<existDependencyGenerateInDDl>true</existDependencyGenerateInDDl>
<parsed>true</parsed>
<columns itemClass="oracle.dbtools.crest.model.design.relational.Column">
<Column name="id" id="5664EA2B-58BB-F095-DFE9-6EFAD3FCAB9A">
<createdBy>gusta</createdBy>
<createdTime>2024-11-25 19:47:48 UTC</createdTime>
<ownerDesignName>BupesaBBDD</ownerDesignName>
<useDomainConstraints>false</useDomainConstraints>
<use>1</use>
<ownDataTypeParameters>,,</ownDataTypeParameters>
<autoIncrementCycle>false</autoIncrementCycle>
</Column>
<Column name="nombre_usuario" id="27CC9C01-5409-3940-BE75-7B58828F4DB0">
<createdBy>gusta</createdBy>
<createdTime>2024-11-25 19:47:48 UTC</createdTime>
<ownerDesignName>BupesaBBDD</ownerDesignName>
<nullsAllowed>true</nullsAllowed>
<useDomainConstraints>false</useDomainConstraints>
<use>1</use>
<logicalDatatype>LOGDT024</logicalDatatype>
<dataTypeSize>50</dataTypeSize>
<ownDataTypeParameters>50,,</ownDataTypeParameters>
<autoIncrementCycle>false</autoIncrementCycle>
</Column>
<Column name="contraseña" id="DEC72604-A9D9-5E05-67AB-DC783832C5B1">
<createdBy>gusta</createdBy>
<createdTime>2024-11-25 19:47:48 UTC</createdTime>
<ownerDesignName>BupesaBBDD</ownerDesignName>
<nullsAllowed>true</nullsAllowed>
<useDomainConstraints>false</useDomainConstraints>
<use>1</use>
<logicalDatatype>LOGDT024</logicalDatatype>
<dataTypeSize>50</dataTypeSize>
<ownDataTypeParameters>50,,</ownDataTypeParameters>
<autoIncrementCycle>false</autoIncrementCycle>
</Column>
<Column name="rol" id="2821A540-2B73-5B04-307A-8E4AB0C80136">
<createdBy>gusta</createdBy>
<createdTime>2024-11-25 19:47:48 UTC</createdTime>
<ownerDesignName>BupesaBBDD</ownerDesignName>
<nullsAllowed>true</nullsAllowed>
<useDomainConstraints>false</useDomainConstraints>
<use>1</use>
<logicalDatatype>LOGDT024</logicalDatatype>
<dataTypeSize>50</dataTypeSize>
<ownDataTypeParameters>50,,</ownDataTypeParameters>
<autoIncrementCycle>false</autoIncrementCycle>
</Column>
</columns>
<indexes itemClass="oracle.dbtools.crest.model.design.relational.Index">
<ind_PK_UK id="2BB01F80-AE0D-368F-C609-53D3E3364F3A" name="USUARIO_PK">
<createdBy>gusta</createdBy>
<createdTime>2024-11-25 19:47:48 UTC</createdTime>
<ownerDesignName>BupesaBBDD</ownerDesignName>
<pk>true</pk>
<indexState>Primary Constraint</indexState>
<isSurrogateKey>false</isSurrogateKey>
<indexColumnUsage>
<colUsage columnID="5664EA2B-58BB-F095-DFE9-6EFAD3FCAB9A"/>
</indexColumnUsage>
</ind_PK_UK>
</indexes>
</Table>