<?xml version = '1.0' encoding = 'UTF-8'?>
<Table class="oracle.dbtools.crest.model.design.relational.Table" directorySegmentName="seg_0" id="E27AAE52-FB58-3C48-738C-8C5EDD371E8D" name="MANTENIMINTO">
<createdBy>gusta</createdBy>
<createdTime>2024-11-25 19:49:15 UTC</createdTime>
<ownerDesignName>BupesaBBDD</ownerDesignName>
<ordsAlias>table_3</ordsAlias>
<allowColumnReorder>false</allowColumnReorder>
<existDependencyGenerateInDDl>true</existDependencyGenerateInDDl>
<parsed>true</parsed>
<columns itemClass="oracle.dbtools.crest.model.design.relational.Column">
<Column name="id" id="E25279E2-1182-FB84-FD77-1845AE92C3FD">
<createdBy>gusta</createdBy>
<createdTime>2024-11-25 19:49:51 UTC</createdTime>
<ownerDesignName>BupesaBBDD</ownerDesignName>
<useDomainConstraints>false</useDomainConstraints>
<use>1</use>
<ownDataTypeParameters>,,</ownDataTypeParameters>
<autoIncrementCycle>false</autoIncrementCycle>
</Column>
<Column name="fecha" id="22B592F3-E9C8-853D-F796-B86850F36438">
<createdBy>gusta</createdBy>
<createdTime>2024-11-25 19:49:51 UTC</createdTime>
<ownerDesignName>BupesaBBDD</ownerDesignName>
<nullsAllowed>true</nullsAllowed>
<useDomainConstraints>false</useDomainConstraints>
<use>1</use>
<logicalDatatype>LOGDT007</logicalDatatype>
<ownDataTypeParameters>,,</ownDataTypeParameters>
<autoIncrementCycle>false</autoIncrementCycle>
</Column>
<Column name="ultimo_mantenimiento_tipo" id="010D87F7-D424-DA8E-3BCB-50B41AF1B0AF">
<createdBy>gusta</createdBy>
<createdTime>2024-11-25 19:49:51 UTC</createdTime>
<ownerDesignName>BupesaBBDD</ownerDesignName>
<nullsAllowed>true</nullsAllowed>
<useDomainConstraints>false</useDomainConstraints>
<use>1</use>
<logicalDatatype>LOGDT024</logicalDatatype>
<dataTypeSize>50</dataTypeSize>
<ownDataTypeParameters>50,,</ownDataTypeParameters>
<autoIncrementCycle>false</autoIncrementCycle>
</Column>
<Column name="ultimo_mantenimiento_descripcion" id="9EAD0026-1665-D147-8795-A60C4A3D48B2">
<createdBy>gusta</createdBy>
<createdTime>2024-11-25 19:49:51 UTC</createdTime>
<ownerDesignName>BupesaBBDD</ownerDesignName>
<nullsAllowed>true</nullsAllowed>
<useDomainConstraints>false</useDomainConstraints>
<use>1</use>
<logicalDatatype>LOGDT024</logicalDatatype>
<dataTypeSize>50</dataTypeSize>
<ownDataTypeParameters>50,,</ownDataTypeParameters>
<autoIncrementCycle>false</autoIncrementCycle>
</Column>
<Column name="ultimo_cambio_aceite" id="1B654573-A41B-EF5F-D635-DA364FA1C0F0">
<createdBy>gusta</createdBy>
<createdTime>2024-11-25 19:49:51 UTC</createdTime>
<ownerDesignName>BupesaBBDD</ownerDesignName>
<nullsAllowed>true</nullsAllowed>
<useDomainConstraints>false</useDomainConstraints>
<use>1</use>
<logicalDatatype>LOGDT007</logicalDatatype>
<ownDataTypeParameters>,,</ownDataTypeParameters>
<autoIncrementCycle>false</autoIncrementCycle>
</Column>
<Column name="ultimo_permis_circulacion" id="7BCE076F-CE76-56F9-9E5D-40EB35EB6F09">
<createdBy>gusta</createdBy>
<createdTime>2024-11-25 19:49:51 UTC</createdTime>
<ownerDesignName>BupesaBBDD</ownerDesignName>
<nullsAllowed>true</nullsAllowed>
<useDomainConstraints>false</useDomainConstraints>
<use>1</use>
<logicalDatatype>LOGDT007</logicalDatatype>
<ownDataTypeParameters>,,</ownDataTypeParameters>
<autoIncrementCycle>false</autoIncrementCycle>
</Column>
<Column name="ultimo_mantenimiento_fecha" id="19BF6586-B62C-3660-3538-207432017E56">
<createdBy>gusta</createdBy>
<createdTime>2024-11-25 19:56:07 UTC</createdTime>
<ownerDesignName>BupesaBBDD</ownerDesignName>
<nullsAllowed>true</nullsAllowed>
<useDomainConstraints>false</useDomainConstraints>
<use>1</use>
<logicalDatatype>LOGDT007</logicalDatatype>
<ownDataTypeParameters>,,</ownDataTypeParameters>
<autoIncrementCycle>false</autoIncrementCycle>
</Column>
<Column name="prox_mantenimiento" id="F85E2D23-C8A9-EF9E-660E-E0D65CBC94F0">
<createdBy>gusta</createdBy>
<createdTime>2024-11-25 19:49:51 UTC</createdTime>
<ownerDesignName>BupesaBBDD</ownerDesignName>
<nullsAllowed>true</nullsAllowed>
<useDomainConstraints>false</useDomainConstraints>
<use>1</use>
<logicalDatatype>LOGDT007</logicalDatatype>
<ownDataTypeParameters>,,</ownDataTypeParameters>
<autoIncrementCycle>false</autoIncrementCycle>
</Column>
<Column name="tipo_aceite" id="22E77043-E0AA-36AD-AD14-E28E65985B57">
<createdBy>gusta</createdBy>
<createdTime>2024-11-25 19:49:51 UTC</createdTime>
<ownerDesignName>BupesaBBDD</ownerDesignName>
<nullsAllowed>true</nullsAllowed>
<useDomainConstraints>false</useDomainConstraints>
<use>1</use>
<logicalDatatype>LOGDT024</logicalDatatype>
<dataTypeSize>50</dataTypeSize>
<ownDataTypeParameters>50,,</ownDataTypeParameters>
<autoIncrementCycle>false</autoIncrementCycle>
</Column>
<Column name="expery_permiso_circulacion" id="A9B89295-E8CB-6A4F-E2C6-B6970DCF2ECB">
<createdBy>gusta</createdBy>
<createdTime>2024-11-25 19:49:51 UTC</createdTime>
<ownerDesignName>BupesaBBDD</ownerDesignName>
<nullsAllowed>true</nullsAllowed>
<useDomainConstraints>false</useDomainConstraints>
<use>1</use>
<logicalDatatype>LOGDT007</logicalDatatype>
<ownDataTypeParameters>,,</ownDataTypeParameters>
<autoIncrementCycle>false</autoIncrementCycle>
</Column>
<Column name="status_permiso" id="6749BE3A-7997-AFC7-0032-615BC017809F">
<createdBy>gusta</createdBy>
<createdTime>2024-11-25 19:55:39 UTC</createdTime>
<ownerDesignName>BupesaBBDD</ownerDesignName>
<nullsAllowed>true</nullsAllowed>
<useDomainConstraints>false</useDomainConstraints>
<use>1</use>
<logicalDatatype>LOGDT024</logicalDatatype>
<dataTypeSize>50</dataTypeSize>
<ownDataTypeParameters>50,,</ownDataTypeParameters>
<autoIncrementCycle>false</autoIncrementCycle>
</Column>
<Column name="USUARIO_id" id="E3E3C32E-CABC-BDF7-EDC8-D9C06C2CAF67">
<createdBy>gusta</createdBy>
<createdTime>2024-11-25 19:58:24 UTC</createdTime>
<ownerDesignName>BupesaBBDD</ownerDesignName>
<useDomainConstraints>false</useDomainConstraints>
<use>1</use>
<ownDataTypeParameters>,,</ownDataTypeParameters>
<previousColumn>false</previousColumn>
<autoIncrementCycle>false</autoIncrementCycle>
<associations>
<colAssociation fkAssociation="8E9D93D4-2ECB-C883-91B1-1FF1351DF331" referredColumn="5664EA2B-58BB-F095-DFE9-6EFAD3FCAB9A"/>
</associations>
</Column>
<Column name="BUS_codigo" id="44C69D54-A752-FC1E-BF2A-97ED5724B392">
<createdBy>gusta</createdBy>
<createdTime>2024-11-25 19:58:43 UTC</createdTime>
<ownerDesignName>BupesaBBDD</ownerDesignName>
<useDomainConstraints>false</useDomainConstraints>
<use>1</use>
<ownDataTypeParameters>,,</ownDataTypeParameters>
<previousColumn>false</previousColumn>
<autoIncrementCycle>false</autoIncrementCycle>
<associations>
<colAssociation fkAssociation="C00F0E92-83F0-E452-C268-CCFE9C143135" referredColumn="8451E193-AD37-DB85-5B24-5B08B26A44A5"/>
</associations>
</Column>
</columns>
<indexes itemClass="oracle.dbtools.crest.model.design.relational.Index">
<ind_PK_UK id="EF878F86-7443-4BE3-0231-582C3AFC5ACF" name="MANTENIMINTO_PK">
<createdBy>gusta</createdBy>
<createdTime>2024-11-25 19:49:51 UTC</createdTime>
<ownerDesignName>BupesaBBDD</ownerDesignName>
<pk>true</pk>
<indexState>Primary Constraint</indexState>
<isSurrogateKey>false</isSurrogateKey>
<indexColumnUsage>
<colUsage columnID="E25279E2-1182-FB84-FD77-1845AE92C3FD"/>
</indexColumnUsage>
</ind_PK_UK>
<ind_PK_UK id="2BD82019-6A0C-2215-DF89-357BD7E0052A" name="MANTENIMINTO_USUARIO_FK">
<createdBy>gusta</createdBy>
<createdTime>2024-11-25 19:58:24 UTC</createdTime>
<ownerDesignName>BupesaBBDD</ownerDesignName>
<indexState>Foreign Key</indexState>
<isSurrogateKey>false</isSurrogateKey>
<indexColumnUsage>
<colUsage columnID="E3E3C32E-CABC-BDF7-EDC8-D9C06C2CAF67"/>
</indexColumnUsage>
</ind_PK_UK>
<ind_PK_UK id="8059117E-63DF-539E-D09D-9B6BB4B39F10" name="MANTENIMINTO_BUS_FK">
<createdBy>gusta</createdBy>
<createdTime>2024-11-25 19:58:43 UTC</createdTime>
<ownerDesignName>BupesaBBDD</ownerDesignName>
<indexState>Foreign Key</indexState>
<isSurrogateKey>false</isSurrogateKey>
<indexColumnUsage>
<colUsage columnID="44C69D54-A752-FC1E-BF2A-97ED5724B392"/>
</indexColumnUsage>
</ind_PK_UK>
</indexes>
</Table>