<?xml version = '1.0' encoding = 'UTF-8'?>
<Table class="oracle.dbtools.crest.model.design.relational.Table" directorySegmentName="seg_0" id="E55DB2F4-A40A-E9CE-6DB3-725748F93468" name="BUS">
<createdBy>gusta</createdBy>
<createdTime>2024-11-25 19:45:22 UTC</createdTime>
<ownerDesignName>BupesaBBDD</ownerDesignName>
<ordsAlias>table_1</ordsAlias>
<allowColumnReorder>false</allowColumnReorder>
<existDependencyGenerateInDDl>true</existDependencyGenerateInDDl>
<parsed>true</parsed>
<columns itemClass="oracle.dbtools.crest.model.design.relational.Column">
<Column name="codigo" id="8451E193-AD37-DB85-5B24-5B08B26A44A5">
<createdBy>gusta</createdBy>
<createdTime>2024-11-25 19:46:06 UTC</createdTime>
<ownerDesignName>BupesaBBDD</ownerDesignName>
<useDomainConstraints>false</useDomainConstraints>
<use>1</use>
<ownDataTypeParameters>,,</ownDataTypeParameters>
<autoIncrementCycle>false</autoIncrementCycle>
</Column>
<Column name="patente" id="A0466651-647F-C506-1FC6-14D417EBC25D">
<createdBy>gusta</createdBy>
<createdTime>2024-11-25 19:46:06 UTC</createdTime>
<ownerDesignName>BupesaBBDD</ownerDesignName>
<nullsAllowed>true</nullsAllowed>
<useDomainConstraints>false</useDomainConstraints>
<use>1</use>
<logicalDatatype>LOGDT024</logicalDatatype>
<dataTypeSize>50</dataTypeSize>
<ownDataTypeParameters>50,,</ownDataTypeParameters>
<autoIncrementCycle>false</autoIncrementCycle>
</Column>
<Column name="año" id="4C92C42B-B39F-8818-6CCE-0ADDADDE792C">
<createdBy>gusta</createdBy>
<createdTime>2024-11-25 19:46:06 UTC</createdTime>
<ownerDesignName>BupesaBBDD</ownerDesignName>
<nullsAllowed>true</nullsAllowed>
<useDomainConstraints>false</useDomainConstraints>
<use>1</use>
<logicalDatatype>LOGDT007</logicalDatatype>
<ownDataTypeParameters>,,</ownDataTypeParameters>
<autoIncrementCycle>false</autoIncrementCycle>
</Column>
<Column name="empleado" id="17D778FF-324F-8C4B-830B-CE7F8E27E3AB">
<createdBy>gusta</createdBy>
<createdTime>2024-11-25 19:46:06 UTC</createdTime>
<ownerDesignName>BupesaBBDD</ownerDesignName>
<nullsAllowed>true</nullsAllowed>
<useDomainConstraints>false</useDomainConstraints>
<use>1</use>
<logicalDatatype>LOGDT024</logicalDatatype>
<ownDataTypeParameters>,,</ownDataTypeParameters>
<autoIncrementCycle>false</autoIncrementCycle>
</Column>
</columns>
<indexes itemClass="oracle.dbtools.crest.model.design.relational.Index">
<ind_PK_UK id="C7A68CC4-3FE4-DEDB-9392-7E19F5B49951" name="BUS_PK">
<createdBy>gusta</createdBy>
<createdTime>2024-11-25 19:46:06 UTC</createdTime>
<ownerDesignName>BupesaBBDD</ownerDesignName>
<pk>true</pk>
<indexState>Primary Constraint</indexState>
<isSurrogateKey>false</isSurrogateKey>
<indexColumnUsage>
<colUsage columnID="8451E193-AD37-DB85-5B24-5B08B26A44A5"/>
</indexColumnUsage>
</ind_PK_UK>
</indexes>
</Table>