<?xml version = '1.0' encoding = 'UTF-8'?>
<FKIndexAssociation class="oracle.dbtools.crest.model.design.relational.FKIndexAssociation" directorySegmentName="seg_0" id="8E9D93D4-2ECB-C883-91B1-1FF1351DF331" containerWithKeyObject="E27AAE52-FB58-3C48-738C-8C5EDD371E8D" localFKIndex="2BD82019-6A0C-2215-DF89-357BD7E0052A" name="MANTENIMINTO_USUARIO_FK">
<createdBy>gusta</createdBy>
<createdTime>2024-11-25 19:58:24 UTC</createdTime>
<ownerDesignName>BupesaBBDD</ownerDesignName>
<referredTableLongName>USUARIO</referredTableLongName>
<deleteRule>NO ACTION</deleteRule>
<referredTableID>BACBD9AC-2F9C-47CF-5BBC-7AF6F3BFCBA2</referredTableID>
<keyObject>2BB01F80-AE0D-368F-C609-53D3E3364F3A</keyObject>
<referredKeyID>2BB01F80-AE0D-368F-C609-53D3E3364F3A</referredKeyID>
<mandatory>true</mandatory>
<refColNames>id</refColNames>
<transferable>true</transferable>
<rely>false</rely>
<columnDependencyConstraintGenerateInDDL>true</columnDependencyConstraintGenerateInDDL>
</FKIndexAssociation>