<?xml version = '1.0' encoding = 'UTF-8'?>
<FKIndexAssociation class="oracle.dbtools.crest.model.design.relational.FKIndexAssociation" directorySegmentName="seg_0" id="C00F0E92-83F0-E452-C268-CCFE9C143135" containerWithKeyObject="E27AAE52-FB58-3C48-738C-8C5EDD371E8D" localFKIndex="8059117E-63DF-539E-D09D-9B6BB4B39F10" name="MANTENIMINTO_BUS_FK">
<createdBy>gusta</createdBy>
<createdTime>2024-11-25 19:58:43 UTC</createdTime>
<ownerDesignName>BupesaBBDD</ownerDesignName>
<referredTableLongName>BUS</referredTableLongName>
<deleteRule>NO ACTION</deleteRule>
<referredTableID>E55DB2F4-A40A-E9CE-6DB3-725748F93468</referredTableID>
<keyObject>C7A68CC4-3FE4-DEDB-9392-7E19F5B49951</keyObject>
<referredKeyID>C7A68CC4-3FE4-DEDB-9392-7E19F5B49951</referredKeyID>
<mandatory>true</mandatory>
<refColNames>codigo</refColNames>
<transferable>true</transferable>
<rely>false</rely>
<columnDependencyConstraintGenerateInDDL>true</columnDependencyConstraintGenerateInDDL>
</FKIndexAssociation>