<?xml version = '1.0' encoding = 'UTF-8'?>
<TableProxyOraclev20c class="oracle.dbtools.crest.model.design.storage.oracle.v20c.TableProxyOraclev20c" name="USUARIO" directorySegmentName="seg_0" id="BACBD9AC-2F9C-47CF-5BBC-7AF6F3BFCBA2">
<createdBy>gusta</createdBy>
<createdTime>2024-11-25 19:47:23 UTC</createdTime>
<ownerDesignName>BupesaBBDD</ownerDesignName>
<logging>YES</logging>
<partitionedRowMovement>DISABLE</partitionedRowMovement>
<temporaryChanged>false</temporaryChanged>
<accessDriverType>oracle_loader</accessDriverType>
<rejectLimit></rejectLimit>
<columnProxies itemClass="oracle.dbtools.crest.model.design.storage.oracle.v12c.ColumnProxyOraclev12c">
<ColumnProxy name="nombre_usuario" id="27CC9C01-5409-3940-BE75-7B58828F4DB0">
<createdBy>gusta</createdBy>
<createdTime>2024-11-25 19:47:48 UTC</createdTime>
<ownerDesignName>BupesaBBDD</ownerDesignName>
</ColumnProxy>
<ColumnProxy name="rol" id="2821A540-2B73-5B04-307A-8E4AB0C80136">
<createdBy>gusta</createdBy>
<createdTime>2024-11-25 19:47:48 UTC</createdTime>
<ownerDesignName>BupesaBBDD</ownerDesignName>
</ColumnProxy>
<ColumnProxy name="id" id="5664EA2B-58BB-F095-DFE9-6EFAD3FCAB9A">
<createdBy>gusta</createdBy>
<createdTime>2024-11-25 19:47:48 UTC</createdTime>
<ownerDesignName>BupesaBBDD</ownerDesignName>
</ColumnProxy>
<ColumnProxy name="contraseña" id="DEC72604-A9D9-5E05-67AB-DC783832C5B1">
<createdBy>gusta</createdBy>
<createdTime>2024-11-25 19:47:48 UTC</createdTime>
<ownerDesignName>BupesaBBDD</ownerDesignName>
</ColumnProxy>
</columnProxies>
<primaryKeys>
<PrimaryKey class="oracle.dbtools.crest.model.design.storage.oracle.v10g.PKProxyOraclev10g" name="USUARIO_PK" id="2BB01F80-AE0D-368F-C609-53D3E3364F3A">
<createdBy>gusta</createdBy>
<createdTime>2024-11-25 19:47:48 UTC</createdTime>
<ownerDesignName>BupesaBBDD</ownerDesignName>
<indexSort>SORTED</indexSort>
</PrimaryKey>
</primaryKeys>
</TableProxyOraclev20c>