<?xml version = '1.0' encoding = 'UTF-8'?>
<TableProxyOraclev20c class="oracle.dbtools.crest.model.design.storage.oracle.v20c.TableProxyOraclev20c" name="MANTENIMINTO" directorySegmentName="seg_0" id="E27AAE52-FB58-3C48-738C-8C5EDD371E8D">
<createdBy>gusta</createdBy>
<createdTime>2024-11-25 19:49:15 UTC</createdTime>
<ownerDesignName>BupesaBBDD</ownerDesignName>
<logging>YES</logging>
<partitionedRowMovement>DISABLE</partitionedRowMovement>
<temporaryChanged>false</temporaryChanged>
<accessDriverType>oracle_loader</accessDriverType>
<rejectLimit></rejectLimit>
<columnProxies itemClass="oracle.dbtools.crest.model.design.storage.oracle.v12c.ColumnProxyOraclev12c">
<ColumnProxy name="ultimo_mantenimiento_tipo" id="010D87F7-D424-DA8E-3BCB-50B41AF1B0AF">
<createdBy>gusta</createdBy>
<createdTime>2024-11-25 19:49:51 UTC</createdTime>
<ownerDesignName>BupesaBBDD</ownerDesignName>
</ColumnProxy>
<ColumnProxy name="ultimo_mantenimiento_fecha" id="19BF6586-B62C-3660-3538-207432017E56">
<createdBy>gusta</createdBy>
<createdTime>2024-11-25 19:56:07 UTC</createdTime>
<ownerDesignName>BupesaBBDD</ownerDesignName>
</ColumnProxy>
<ColumnProxy name="ultimo_cambio_aceite" id="1B654573-A41B-EF5F-D635-DA364FA1C0F0">
<createdBy>gusta</createdBy>
<createdTime>2024-11-25 19:49:51 UTC</createdTime>
<ownerDesignName>BupesaBBDD</ownerDesignName>
</ColumnProxy>
<ColumnProxy name="fecha" id="22B592F3-E9C8-853D-F796-B86850F36438">
<createdBy>gusta</createdBy>
<createdTime>2024-11-25 19:49:51 UTC</createdTime>
<ownerDesignName>BupesaBBDD</ownerDesignName>
</ColumnProxy>
<ColumnProxy name="tipo_aceite" id="22E77043-E0AA-36AD-AD14-E28E65985B57">
<createdBy>gusta</createdBy>
<createdTime>2024-11-25 19:49:51 UTC</createdTime>
<ownerDesignName>BupesaBBDD</ownerDesignName>
</ColumnProxy>
<ColumnProxy name="BUS_codigo" id="44C69D54-A752-FC1E-BF2A-97ED5724B392">
<createdBy>gusta</createdBy>
<createdTime>2024-11-25 19:58:43 UTC</createdTime>
<ownerDesignName>BupesaBBDD</ownerDesignName>
</ColumnProxy>
<ColumnProxy name="status_permiso" id="6749BE3A-7997-AFC7-0032-615BC017809F">
<createdBy>gusta</createdBy>
<createdTime>2024-11-25 19:55:39 UTC</createdTime>
<ownerDesignName>BupesaBBDD</ownerDesignName>
</ColumnProxy>
<ColumnProxy name="ultimo_permis_circulacion" id="7BCE076F-CE76-56F9-9E5D-40EB35EB6F09">
<createdBy>gusta</createdBy>
<createdTime>2024-11-25 19:49:51 UTC</createdTime>
<ownerDesignName>BupesaBBDD</ownerDesignName>
</ColumnProxy>
<ColumnProxy name="ultimo_mantenimiento_descripcion" id="9EAD0026-1665-D147-8795-A60C4A3D48B2">
<createdBy>gusta</createdBy>
<createdTime>2024-11-25 19:49:51 UTC</createdTime>
<ownerDesignName>BupesaBBDD</ownerDesignName>
</ColumnProxy>
<ColumnProxy name="expery_permiso_circulacion" id="A9B89295-E8CB-6A4F-E2C6-B6970DCF2ECB">
<createdBy>gusta</createdBy>
<createdTime>2024-11-25 19:49:51 UTC</createdTime>
<ownerDesignName>BupesaBBDD</ownerDesignName>
</ColumnProxy>
<ColumnProxy name="id" id="E25279E2-1182-FB84-FD77-1845AE92C3FD">
<createdBy>gusta</createdBy>
<createdTime>2024-11-25 19:49:51 UTC</createdTime>
<ownerDesignName>BupesaBBDD</ownerDesignName>
</ColumnProxy>
<ColumnProxy name="USUARIO_id" id="E3E3C32E-CABC-BDF7-EDC8-D9C06C2CAF67">
<createdBy>gusta</createdBy>
<createdTime>2024-11-25 19:58:24 UTC</createdTime>
<ownerDesignName>BupesaBBDD</ownerDesignName>
</ColumnProxy>
<ColumnProxy name="prox_mantenimiento" id="F85E2D23-C8A9-EF9E-660E-E0D65CBC94F0">
<createdBy>gusta</createdBy>
<createdTime>2024-11-25 19:49:51 UTC</createdTime>
<ownerDesignName>BupesaBBDD</ownerDesignName>
</ColumnProxy>
</columnProxies>
<foreignKeys>
<ForeignKey class="oracle.dbtools.crest.model.design.storage.oracle.v10g.FKProxyOraclev10g" name="MANTENIMINTO_USUARIO_FK" id="2BD82019-6A0C-2215-DF89-357BD7E0052A">
<createdBy>gusta</createdBy>
<createdTime>2024-11-25 19:58:24 UTC</createdTime>
<ownerDesignName>BupesaBBDD</ownerDesignName>
</ForeignKey>
<ForeignKey class="oracle.dbtools.crest.model.design.storage.oracle.v10g.FKProxyOraclev10g" name="MANTENIMINTO_BUS_FK" id="8059117E-63DF-539E-D09D-9B6BB4B39F10">
<createdBy>gusta</createdBy>
<createdTime>2024-11-25 19:58:43 UTC</createdTime>
<ownerDesignName>BupesaBBDD</ownerDesignName>
</ForeignKey>
</foreignKeys>
<primaryKeys>
<PrimaryKey class="oracle.dbtools.crest.model.design.storage.oracle.v10g.PKProxyOraclev10g" name="MANTENIMINTO_PK" id="EF878F86-7443-4BE3-0231-582C3AFC5ACF">
<createdBy>gusta</createdBy>
<createdTime>2024-11-25 19:49:51 UTC</createdTime>
<ownerDesignName>BupesaBBDD</ownerDesignName>
<indexSort>SORTED</indexSort>
</PrimaryKey>
</primaryKeys>
</TableProxyOraclev20c>