<?xml version = '1.0' encoding = 'UTF-8'?>
<TableProxyOraclev20c class="oracle.dbtools.crest.model.design.storage.oracle.v20c.TableProxyOraclev20c" name="BUS" directorySegmentName="seg_0" id="E55DB2F4-A40A-E9CE-6DB3-725748F93468">
<createdBy>gusta</createdBy>
<createdTime>2024-11-25 19:45:22 UTC</createdTime>
<ownerDesignName>BupesaBBDD</ownerDesignName>
<logging>YES</logging>
<partitionedRowMovement>DISABLE</partitionedRowMovement>
<temporaryChanged>false</temporaryChanged>
<accessDriverType>oracle_loader</accessDriverType>
<rejectLimit></rejectLimit>
<columnProxies itemClass="oracle.dbtools.crest.model.design.storage.oracle.v12c.ColumnProxyOraclev12c">
<ColumnProxy name="empleado" id="17D778FF-324F-8C4B-830B-CE7F8E27E3AB">
<createdBy>gusta</createdBy>
<createdTime>2024-11-25 19:46:06 UTC</createdTime>
<ownerDesignName>BupesaBBDD</ownerDesignName>
</ColumnProxy>
<ColumnProxy name="año" id="4C92C42B-B39F-8818-6CCE-0ADDADDE792C">
<createdBy>gusta</createdBy>
<createdTime>2024-11-25 19:46:06 UTC</createdTime>
<ownerDesignName>BupesaBBDD</ownerDesignName>
</ColumnProxy>
<ColumnProxy name="codigo" id="8451E193-AD37-DB85-5B24-5B08B26A44A5">
<createdBy>gusta</createdBy>
<createdTime>2024-11-25 19:46:06 UTC</createdTime>
<ownerDesignName>BupesaBBDD</ownerDesignName>
</ColumnProxy>
<ColumnProxy name="patente" id="A0466651-647F-C506-1FC6-14D417EBC25D">
<createdBy>gusta</createdBy>
<createdTime>2024-11-25 19:46:06 UTC</createdTime>
<ownerDesignName>BupesaBBDD</ownerDesignName>
</ColumnProxy>
</columnProxies>
<primaryKeys>
<PrimaryKey class="oracle.dbtools.crest.model.design.storage.oracle.v10g.PKProxyOraclev10g" name="BUS_PK" id="C7A68CC4-3FE4-DEDB-9392-7E19F5B49951">
<createdBy>gusta</createdBy>
<createdTime>2024-11-25 19:46:06 UTC</createdTime>
<ownerDesignName>BupesaBBDD</ownerDesignName>
<indexSort>SORTED</indexSort>
</PrimaryKey>
</primaryKeys>
</TableProxyOraclev20c>