<?xml version = '1.0' encoding = 'UTF-8'?>
<Diagram class="oracle.dbtools.crest.swingui.relational.DPVRelational" name="BUPESA" id="BF8977A8-1EE7-102E-D846-0775759097B9">
<createdBy>gusta</createdBy>
<modifiedBy>gusta</modifiedBy>
<createdTime>2024-11-25 19:44:49 UTC</createdTime>
<autoRoute>false</autoRoute>
<boxInbox>true</boxInbox>
<showLegend>false</showLegend>
<showLabels>false</showLabels>
<showRelAttributes>false</showRelAttributes>
<gridEnabled>false</gridEnabled>
<showGrid>false</showGrid>
<diagramColor>-1</diagramColor>
<display>false</display>
<notation>1</notation>
<objectViews>
<OView class="oracle.dbtools.crest.swingui.relational.TVTable" oid="BACBD9AC-2F9C-47CF-5BBC-7AF6F3BFCBA2" otype="Table" vid="FDD6268A-38CE-E64F-357F-FED9EC1149D8">
<hideElementsInCurrentOnly>false</hideElementsInCurrentOnly>
<bounds x="63" y="71" width="224" height="177"/>
</OView>
<OView class="oracle.dbtools.crest.swingui.relational.TVTable" oid="E27AAE52-FB58-3C48-738C-8C5EDD371E8D" otype="Table" vid="DE35C1FC-B907-DEA5-EF7C-5113D3C5374D">
<hideElementsInCurrentOnly>false</hideElementsInCurrentOnly>
<bounds x="290" y="326" width="328" height="205"/>
</OView>
<OView class="oracle.dbtools.crest.swingui.relational.TVTable" oid="E55DB2F4-A40A-E9CE-6DB3-725748F93468" otype="Table" vid="2AA8D7AF-13B2-0BEC-23E4-3197513D22F0">
<hideElementsInCurrentOnly>false</hideElementsInCurrentOnly>
<bounds x="492" y="73" width="199" height="180"/>
</OView>
</objectViews>
<connectors>
<Connector class="oracle.dbtools.crest.swingui.relational.TVFKRelation" oid="8E9D93D4-2ECB-C883-91B1-1FF1351DF331" otype="FKIndexAssociation" vid_source="FDD6268A-38CE-E64F-357F-FED9EC1149D8" vid_target="DE35C1FC-B907-DEA5-EF7C-5113D3C5374D">
<hideElementsInCurrentOnly>false</hideElementsInCurrentOnly>
<backgroundColor>-16777216</backgroundColor>
<lineWidth>1</lineWidth>
<points>
<point x="266" y="248"/>
<point x="347" y="326"/>
</points>
</Connector>
<Connector class="oracle.dbtools.crest.swingui.relational.TVFKRelation" oid="C00F0E92-83F0-E452-C268-CCFE9C143135" otype="FKIndexAssociation" vid_source="2AA8D7AF-13B2-0BEC-23E4-3197513D22F0" vid_target="DE35C1FC-B907-DEA5-EF7C-5113D3C5374D">
<hideElementsInCurrentOnly>false</hideElementsInCurrentOnly>
<backgroundColor>-16777216</backgroundColor>
<lineWidth>1</lineWidth>
<points>
<point x="555" y="253"/>
<point x="555" y="326"/>
</points>
</Connector>
</connectors>
</Diagram>